permutation,trial,model,f1 score,f1 avg,class 0 f1,class 1 f1,class -1 f1,class 0 precision,class 1 precision,class -1 precision,class 0 recall,class 1 recall,class -1 recall,strategy return,period,training months,fast window,slow window,factor,max transaction,fee_pct,fee_flat
LogisticRegression-p1-tr6-sw4-lw24-fa0.25-max100000-fee_flat14-fee_pct0.0004-#0,0,LogisticRegression,1.4136130744312123,0.45008324348963935,0.35937994305599497,0.5443117536140792,0.5099213777611381,0.5215794306703397,0.44319344933469806,0.4651639344262295,0.27413127413127414,0.7052117263843648,0.5642087821043911,174834.89896831842,1,6,4,24,0.25,100000,0.0004,14
