permutation,trial,model,f1 score,f1 avg,class 0 f1,class 1 f1,class -1 f1,class 0 precision,class 1 precision,class -1 precision,class 0 recall,class 1 recall,class -1 recall,strategy return,period,training months,fast window,slow window,factor,max transaction,fee_pct,fee_flat
LogisticRegression-p1-tr6-sw4-lw24-fa0.25-max100000-fee_flat14-fee_pct0.0004-#0,0,LogisticRegression,1.3883082773582422,0.4494352154422216,0.39141933588010586,0.539938080495356,0.45695086098278037,0.5003756574004508,0.4355644355644356,0.46337308347529815,0.32142857142857145,0.7100977198697068,0.4507042253521127,157760.65344865943,1,6,4,24,0.25,100000,0.0004,14
