permutation,trial,model,f1 score,f1 avg,class 0 f1,class 1 f1,class -1 f1,class 0 precision,class 1 precision,class -1 precision,class 0 recall,class 1 recall,class -1 recall,strategy return,period,training months,fast window,slow window,factor,max transaction,fee_pct,fee_flat
LogisticRegression-p1-tr6-sw4-lw24-fa0.25-max100000-fee_flat14-fee_pct0.0004-#0,0,LogisticRegression,1.4269501553253412,0.467212243761611,0.43054024255788315,0.5228302544440572,0.4735796583234009,0.5019280205655527,0.4570383912248629,0.4549618320610687,0.3769305019305019,0.6107491856677525,0.49378624689312345,161842.2141977728,1,6,4,24,0.25,100000,0.0004,14
