permutation,trial,model,f1 score,f1 avg,class 0 f1,class 1 f1,class -1 f1,class 0 precision,class 1 precision,class -1 precision,class 0 recall,class 1 recall,class -1 recall,strategy return,period,training months,fast window,slow window,factor,max transaction,fee_pct,fee_flat
LogisticRegression-p1-tr6-sw4-lw24-fa0.25-max100000-fee_flat14-fee_pct0.0004-#0,0,LogisticRegression,1.4603979344352749,0.4765310186294619,0.4321890827236916,0.5324494068387998,0.49575944487278334,0.5182186234817814,0.4658119658119658,0.46359048305695744,0.37065637065637064,0.6213355048859935,0.5327257663628832,179288.80014949705,1,6,4,24,0.25,100000,0.0004,14
